general_concept_id,category,subcategory,general_concept_name,comments,statistical_summary
1,Clinical observation,Neurological assessment,3-minute Diagnostic Interview for CAM-defined Delirium (3D-CAM) score,NA,NA
2,Clinical observation,Neurological assessment,4 A's Test for Delirium Screening score,NA,NA
3,Clinical observation,Neurological assessment,Behavior pain scale,NA,NA
4,Clinical observation,Neurological assessment,Confusion Assessment Method for the Intensive Care Unit (CAM-ICU) score,NA,NA
5,Clinical observation,Neurological assessment,Delirium Detection Score (DDS) score,NA,NA
6,Clinical observation,Neurological assessment,Delirium Observation Scale (DOS) score,NA,NA
7,Clinical observation,Neurological assessment,Delirium Rating Scale (DRS) score,NA,NA
8,Clinical observation,Neurological assessment,Glasgow coma scale,NA,NA
9,Clinical observation,Neurological assessment,Intensive Care Delirium Screening Checklist (ICDSC) score,NA,NA
10,Clinical observation,Neurological assessment,Numeric Pain Rating Scale,NA,NA
11,Clinical observation,Neurological assessment,Nursing Delirium Screening Scale (NU-DESC) score,NA,NA
12,Clinical observation,Neurological assessment,Pupillary response,NA,NA
13,Clinical observation,Neurological assessment,Ramsay sedation scale,NA,NA
14,Clinical observation,Neurological assessment,Richmond agitation-sedation scale,NA,NA
15,Clinical observation,Neurological assessment,Visual analog pain scale,NA,NA
16,Condition,APACHE IV - Chronic health conditions,AIDS,Test,NA
17,Condition,APACHE IV - Chronic health conditions,Alcoholic liver disease,"As with all ICD-10 concepts, the recommended approach is to use the <strong>most specific codes</strong> possible. For example, it is better to use E10.0 rather than E10, as the former provides more detailed information about the diagnosis.",NA
18,Condition,APACHE IV - Chronic health conditions,Chronic kidney disease,"As with all ICD-10 concepts, the recommended approach is to use the <strong>most specific codes</strong> possible. For example, it is better to use E10.0 rather than E10, as the former provides more detailed information about the diagnosis.",NA
19,Condition,APACHE IV - Chronic health conditions,Cirrhosis of liver,"As with all ICD-10 concepts, the recommended approach is to use the <strong>most specific codes</strong> possible. For example, it is better to use E10.0 rather than E10, as the former provides more detailed information about the diagnosis.",NA
20,Condition,APACHE IV - Chronic health conditions,"Hepatic failure, not elsewhere classified","As with all ICD-10 concepts, the recommended approach is to use the <strong>most specific codes</strong> possible. For example, it is better to use E10.0 rather than E10, as the former provides more detailed information about the diagnosis.",NA
21,Condition,APACHE IV - Chronic health conditions,Immunosuppression,NA,NA
22,Condition,APACHE IV - Chronic health conditions,Leukemia,"As with all ICD-10 concepts, the recommended approach is to use the <strong>most specific codes</strong> possible. For example, it is better to use E10.0 rather than E10, as the former provides more detailed information about the diagnosis.",NA
23,Condition,APACHE IV - Chronic health conditions,Lymphoma,"As with all ICD-10 concepts, the recommended approach is to use the <strong>most specific codes</strong> possible. For example, it is better to use E10.0 rather than E10, as the former provides more detailed information about the diagnosis.",NA
24,Condition,APACHE IV - Chronic health conditions,Metastatic carcinoma,"As with all ICD-10 concepts, the recommended approach is to use the <strong>most specific codes</strong> possible. For example, it is better to use E10.0 rather than E10, as the former provides more detailed information about the diagnosis.",NA
25,Condition,APACHE IV - Chronic health conditions,Multiple myeloma,"As with all ICD-10 concepts, the recommended approach is to use the <strong>most specific codes</strong> possible. For example, it is better to use E10.0 rather than E10, as the former provides more detailed information about the diagnosis.",NA
26,Condition,General conditions,ARDS,NA,NA
27,Condition,General conditions,COPD,"As with all ICD-10 concepts, the recommended approach is to use the <strong>most specific codes</strong> possible. For example, it is better to use E10.0 rather than E10, as the former provides more detailed information about the diagnosis.",NA
28,Condition,General conditions,Chronic heart failure,"As with all ICD-10 concepts, the recommended approach is to use the <strong>most specific codes</strong> possible. For example, it is better to use E10.0 rather than E10, as the former provides more detailed information about the diagnosis.",NA
29,Condition,General conditions,Dependence on home ventilator,NA,NA
30,Condition,General conditions,Diabetes mellitus,"As with all ICD-10 concepts, the recommended approach is to use the <strong>most specific codes</strong> possible. For example, it is better to use E10.0 rather than E10, as the former provides more detailed information about the diagnosis.",NA
31,Condition,Hospitalization complications,Catheter infection,NA,NA
32,Condition,Hospitalization complications,Ventilator-associated pneumonia,NA,NA
33,Drug,Anticoagulants,Acenocoumarol,NA,NA
34,Drug,Anticoagulants,Apixaban,NA,NA
35,Drug,Anticoagulants,Argatroban,NA,NA
36,Drug,Anticoagulants,Bemiparin,NA,NA
37,Drug,Anticoagulants,Betrixaban,NA,NA
38,Drug,Anticoagulants,Bivalirudin,NA,NA
39,Drug,Anticoagulants,Clorindione,NA,NA
40,Drug,Anticoagulants,Dabigatran Etexilate,NA,NA
41,Drug,Anticoagulants,Dalteparin,NA,NA
42,Drug,Anticoagulants,Danaparoid,NA,NA
43,Drug,Anticoagulants,Desirudin,NA,NA
44,Drug,Anticoagulants,Dicumarol,NA,NA
45,Drug,Anticoagulants,Edoxaban,NA,NA
46,Drug,Anticoagulants,Enoxaparin,NA,NA
47,Drug,Anticoagulants,Fluindione,NA,NA
48,Drug,Anticoagulants,Fondaparinux,NA,NA
49,Drug,Anticoagulants,Heparin,NA,NA
50,Drug,Anticoagulants,Lepirudin,NA,NA
51,Drug,Anticoagulants,Melagatran,NA,NA
52,Drug,Anticoagulants,Nadroparin,NA,NA
53,Drug,Anticoagulants,Parnaparin,NA,NA
54,Drug,Anticoagulants,Phenindione,NA,NA
55,Drug,Anticoagulants,Phenprocoumon,NA,NA
56,Drug,Anticoagulants,Reviparin,NA,NA
57,Drug,Anticoagulants,Rivaroxaban,NA,NA
58,Drug,Anticoagulants,Sulodexide,NA,NA
59,Drug,Anticoagulants,Tinzaparin,NA,NA
60,Drug,Anticoagulants,Tioclomarol,NA,NA
61,Drug,Anticoagulants,Warfarin,NA,NA
62,Drug,Anticoagulants,Ximelagatran,NA,NA
63,Drug,Antimicrobials,Amikacin,NA,NA
64,Drug,Antimicrobials,Amoxicillin,NA,NA
66,Drug,Antimicrobials,Amphotericin B,NA,NA
67,Drug,Antimicrobials,Ampicillin,NA,NA
69,Drug,Antimicrobials,Aztreonam,NA,NA
70,Drug,Antimicrobials,Caspofungin,NA,NA
71,Drug,Antimicrobials,Cefazolin,NA,NA
72,Drug,Antimicrobials,Cefiderocol,NA,NA
73,Drug,Antimicrobials,Cefotaxime,NA,NA
74,Drug,Antimicrobials,Cefoxitin,NA,NA
75,Drug,Antimicrobials,Ceftazidime,NA,NA
76,Drug,Antimicrobials,Ceftriaxone,NA,NA
77,Drug,Antimicrobials,Cefuroxime,NA,NA
78,Drug,Antimicrobials,Clarithromycin,NA,NA
79,Drug,Antimicrobials,Clavulanate,NA,NA
80,Drug,Antimicrobials,Clindamycin,NA,NA
81,Drug,Antimicrobials,Colistin,NA,NA
82,Drug,Antimicrobials,Daptomycin,NA,NA
83,Drug,Antimicrobials,Doxycycline,NA,NA
84,Drug,Antimicrobials,Eryhromycin,NA,NA
85,Drug,Antimicrobials,Floxacillin,NA,NA
86,Drug,Antimicrobials,Fluconazole,NA,NA
87,Drug,Antimicrobials,Fosfomycin,NA,NA
88,Drug,Antimicrobials,Gentamicin,NA,NA
89,Drug,Antimicrobials,Imipenem,NA,NA
90,Drug,Antimicrobials,Itraconazole,NA,NA
91,Drug,Antimicrobials,Ketoconazole,NA,NA
92,Drug,Antimicrobials,Levofloxacin,NA,NA
93,Drug,Antimicrobials,Linezolid,NA,NA
94,Drug,Antimicrobials,Meropenem,NA,NA
95,Drug,Antimicrobials,Metronidazole,NA,NA
96,Drug,Antimicrobials,Mupirocin,NA,NA
97,Drug,Antimicrobials,Norfloxacin,NA,NA
98,Drug,Antimicrobials,Penicillin,NA,NA
99,Drug,Antimicrobials,Piperacillin,NA,NA
101,Drug,Antimicrobials,Posaconazole,NA,NA
102,Drug,Antimicrobials,Rifampicin,NA,NA
103,Drug,Antimicrobials,Sulfamethoxazole,NA,NA
105,Drug,Antimicrobials,Tazobactam,NA,NA
106,Drug,Antimicrobials,Teicoplanin,NA,NA
107,Drug,Antimicrobials,Tetracycline,NA,NA
108,Drug,Antimicrobials,Tigecycline,NA,NA
109,Drug,Antimicrobials,Tobramycin,NA,NA
110,Drug,Antimicrobials,Trimethoprim,NA,NA
111,Drug,Antimicrobials,Vancomycin,NA,NA
112,Drug,Antimicrobials,Voriconazole,NA,NA
113,Drug,Corticosteroids,Betamethasone,NA,NA
114,Drug,Corticosteroids,Clobetasol,NA,NA
115,Drug,Corticosteroids,Cortisone,NA,NA
116,Drug,Corticosteroids,Dexamethasone,NA,NA
117,Drug,Corticosteroids,Fludrocortisone,NA,NA
118,Drug,Corticosteroids,Hydrocortisone,NA,NA
119,Drug,Corticosteroids,Methylprednisolone,NA,NA
120,Drug,Corticosteroids,Prednisolone,NA,NA
121,Drug,Corticosteroids,Prednisone,NA,NA
122,Drug,Other drugs,Insulin Aspart,NA,NA
123,Drug,Other drugs,"Insulin Aspart, Human",NA,NA
124,Drug,Other drugs,Insulin Degludec,NA,NA
125,Drug,Other drugs,Insulin Detemir,NA,NA
126,Drug,Other drugs,Insulin Glargine,NA,NA
127,Drug,Other drugs,"Insulin Glulisine, Human",NA,NA
128,Drug,Sedative drugs,Alfentanil,NA,NA
129,Drug,Sedative drugs,Clonidine,NA,NA
130,Drug,Sedative drugs,Dexmedetomidine,NA,NA
131,Drug,Sedative drugs,Etomidate,NA,NA
132,Drug,Sedative drugs,Fentanyl,NA,NA
133,Drug,Sedative drugs,Ketamine,NA,NA
134,Drug,Sedative drugs,Midazolam,NA,NA
135,Drug,Sedative drugs,Morphine,NA,NA
136,Drug,Sedative drugs,Propofol,NA,NA
137,Drug,Sedative drugs,Remifentanil,NA,NA
138,Drug,Sedative drugs,Sufentanil,NA,NA
139,Drug,Sedative drugs,Thiopenthal,NA,NA
140,Drug,Vasoactive drugs,Dobutamine,NA,NA
141,Drug,Vasoactive drugs,Dopamine,NA,NA
142,Drug,Vasoactive drugs,Epinephrine,NA,NA
143,Drug,Vasoactive drugs,Levosimendan,NA,NA
144,Drug,Vasoactive drugs,Milrinone,NA,NA
145,Drug,Vasoactive drugs,Norepinephrine,NA,NA
146,Drug,Vasoactive drugs,Phenylephrine,NA,NA
147,Drug,Vasoactive drugs,Vasopressin,NA,NA
148,Labs,Arterial blood gases,ABG Ammonia,NA,NA
149,Labs,Arterial blood gases,ABG Base excess,NA,NA
150,Labs,Arterial blood gases,ABG Hematocrit,NA,NA
151,Labs,Arterial blood gases,ABG PaCO2,NA,NA
152,Labs,Arterial blood gases,ABG PaO2,NA,NA
153,Labs,Arterial blood gases,ABG SaO2,NA,NA
154,Labs,Arterial blood gases,ABG bicarbonate,NA,NA
155,Labs,Arterial blood gases,ABG calcium ionized,NA,NA
156,Labs,Arterial blood gases,ABG chloride,NA,NA
157,Labs,Arterial blood gases,ABG glucose,NA,NA
158,Labs,Arterial blood gases,ABG hemoglobin,NA,NA
159,Labs,Arterial blood gases,ABG lactate,NA,NA
160,Labs,Arterial blood gases,ABG pH,NA,NA
161,Labs,Arterial blood gases,ABG potassium,NA,NA
162,Labs,Arterial blood gases,ABG sodium,NA,NA
163,Labs,Blood specimen type,Arterial blood specimen,NA,NA
164,Labs,Blood specimen type,Peripheral blood specimen,NA,NA
165,Labs,Blood specimen type,Venous blood specimen,NA,NA
166,Labs,Blood specimen type,Whole blood specimen,NA,NA
167,Labs,Hemostasis,Coagulation factor V,NA,NA
168,Labs,Hemostasis,Fibrin D-dimer,NA,NA
169,Labs,Hemostasis,Fibrinogen,NA,NA
170,Labs,Hemostasis,INR,NA,NA
171,Labs,Hemostasis,Prothrombin time,NA,NA
172,Labs,Hemostasis,aPTT,NA,NA
173,Labs,Liver test,ALP,NA,NA
174,Labs,Liver test,ALT,NA,NA
175,Labs,Liver test,AST,NA,NA
176,Labs,Liver test,Ammonia,NA,NA
177,Labs,Liver test,Conjugated bilirubin,NA,NA
178,Labs,Liver test,GGT,NA,NA
179,Labs,Liver test,Indirect bilirubin,NA,NA
180,Labs,Liver test,Total bilirubin,NA,NA
181,Labs,Other labs,"1,3 beta glucan",NA,NA
182,Labs,Other labs,BNP,NA,NA
183,Labs,Other labs,CRP,NA,NA
184,Labs,Other labs,HbA1c,NA,NA
185,Labs,Other labs,Interleukin 6,NA,NA
186,Labs,Other labs,Lipase,NA,NA
187,Labs,Other labs,NT-proBNP,NA,NA
188,Labs,Other labs,PCT,NA,NA
189,Labs,Other labs,Troponin T,NA,NA
190,Labs,Plasma blood count,Hematocrit,NA,NA
191,Labs,Plasma blood count,Plasma basophils,NA,NA
192,Labs,Plasma blood count,Plasma eosinophils,NA,NA
193,Labs,Plasma blood count,Plasma erythrocytes,NA,NA
194,Labs,Plasma blood count,Plasma hemoglobin,NA,NA
195,Labs,Plasma blood count,Plasma leukocytes,NA,NA
196,Labs,Plasma blood count,Plasma lymphocytes,NA,NA
197,Labs,Plasma blood count,Plasma monocytes,NA,NA
198,Labs,Plasma blood count,Plasma neutrophils,NA,NA
199,Labs,Plasma blood count,Plasma platelets,NA,NA
200,Labs,Plasma blood count,Plasma reticulocytes,NA,NA
201,Labs,Plasma ionogram,Plasma LDH,NA,NA
202,Labs,Plasma ionogram,Plasma albumin,NA,NA
203,Labs,Plasma ionogram,Plasma bicarbonate,NA,NA
204,Labs,Plasma ionogram,Plasma calcium,NA,NA
205,Labs,Plasma ionogram,Plasma chloride,NA,NA
206,Labs,Plasma ionogram,Plasma creatinine,NA,NA
207,Labs,Plasma ionogram,Plasma glucose,NA,NA
208,Labs,Plasma ionogram,Plasma lactate,NA,NA
209,Labs,Plasma ionogram,Plasma magnesium,NA,NA
210,Labs,Plasma ionogram,Plasma phosphate,NA,NA
211,Labs,Plasma ionogram,Plasma potassium,NA,NA
212,Labs,Plasma ionogram,Plasma sodium,NA,NA
213,Labs,Plasma ionogram,Plasma urea,NA,NA
214,Labs,Urinary ionogram,Urinary bicarbonate,NA,NA
215,Labs,Urinary ionogram,Urinary calcium,NA,NA
216,Labs,Urinary ionogram,Urinary chloride,NA,NA
217,Labs,Urinary ionogram,Urinary creatinine,NA,NA
218,Labs,Urinary ionogram,Urinary glucose,NA,NA
219,Labs,Urinary ionogram,Urinary phosphate,NA,NA
220,Labs,Urinary ionogram,Urinary potassium,NA,NA
221,Labs,Urinary ionogram,Urinary sodium,NA,NA
222,Labs,Urinary ionogram,Urinary urea,NA,NA
223,Microbiology,Microorganism,Actinomyces neuii subspecies neuii,NA,NA
224,Microbiology,Microorganism,Bacillus cereus group,NA,NA
225,Microbiology,Microorganism,Bacillus mycoides,NA,NA
226,Microbiology,Microorganism,Citrobacter freundii complex,NA,NA
227,Microbiology,Microorganism,Citrobacter koseri,NA,NA
228,Microbiology,Microorganism,Corynebacterium amycolatum,NA,NA
229,Microbiology,Microorganism,Corynebacterium species,NA,NA
230,Microbiology,Microorganism,Corynebacterium striatum,NA,NA
231,Microbiology,Microorganism,Dermabacter hominis,NA,NA
232,Microbiology,Microorganism,Enterobacter aerogenes,NA,NA
233,Microbiology,Microorganism,Enterobacter cloacae,NA,NA
234,Microbiology,Microorganism,Enterobacter cloacae complex,NA,NA
235,Microbiology,Microorganism,Enterococcus faecalis,NA,NA
236,Microbiology,Microorganism,Enterococcus faecium,NA,NA
237,Microbiology,Microorganism,Escherichia coli,NA,NA
238,Microbiology,Microorganism,Gram-negative bacteria,NA,NA
239,Microbiology,Microorganism,Gram-positive bacteria,NA,NA
240,Microbiology,Microorganism,Gram-positive cocci in clusters,NA,NA
241,Microbiology,Microorganism,Granulicatella adiacens,NA,NA
242,Microbiology,Microorganism,Klebsiella oxytoca,NA,NA
243,Microbiology,Microorganism,Klebsiella pneumoniae,NA,NA
244,Microbiology,Microorganism,Klebsiella variicola,NA,NA
245,Microbiology,Microorganism,Lysinibacillus,NA,NA
246,Microbiology,Microorganism,Micrococcus luteus,NA,NA
247,Microbiology,Microorganism,Paenibacillus pabuli,NA,NA
248,Microbiology,Microorganism,Pantoea agglomerans,NA,NA
249,Microbiology,Microorganism,Pantoea septica,NA,NA
250,Microbiology,Microorganism,Pseudomonas aeruginosa,NA,NA
251,Microbiology,Microorganism,Raoultella ornithinolytica,NA,NA
252,Microbiology,Microorganism,Rothia dentocariosa,NA,NA
253,Microbiology,Microorganism,Rothia mucilaginosa,NA,NA
254,Microbiology,Microorganism,Serratia,NA,NA
255,Microbiology,Microorganism,Serratia liquefaciens,NA,NA
256,Microbiology,Microorganism,Serratia marcescens,NA,NA
257,Microbiology,Microorganism,Staphylococcus aureus,NA,NA
258,Microbiology,Microorganism,Staphylococcus capitis,NA,NA
259,Microbiology,Microorganism,Staphylococcus epidermidis,NA,NA
260,Microbiology,Microorganism,Staphylococcus haemolyticus,NA,NA
261,Microbiology,Microorganism,Staphylococcus hominis,NA,NA
262,Microbiology,Microorganism,Staphylococcus warneri,NA,NA
263,Microbiology,Microorganism,Streptococcus agalactiae (Group B streptococcus),NA,NA
264,Microbiology,Microorganism,Streptococcus anginosus,NA,NA
265,Microbiology,Microorganism,Streptococcus dysgalactiae,NA,NA
266,Microbiology,Microorganism,Streptococcus mitis (Streptococcus mitis group),NA,NA
267,Microbiology,Microorganism,Streptococcus mitis group,NA,NA
268,Microbiology,Microorganism,Streptococcus vestibularis,NA,NA
269,Microbiology,Microorganism,"Streptococcus, viridans group",NA,NA
270,Microbiology,Specimen,Blood culture,NA,NA
271,Other,Demographic data,Birth datetime,NA,NA
272,Other,Demographic data,Birth height,NA,NA
273,Other,Demographic data,Birth weight,NA,NA
274,Other,Demographic data,Body height,NA,NA
275,Other,Demographic data,Body weight,NA,NA
276,Other,Demographic data,Death datetime,NA,NA
277,Other,Demographic data,Gender,NA,NA
278,Other,Demographic data,Gestational age,NA,NA
279,Other,Demographic data,Gestational age at birth,NA,NA
280,Other,Demographic data,Hospital admission datetime,NA,NA
281,Other,Demographic data,Hospital discharge datetime,NA,NA
282,Other,Demographic data,ICU admission datetime,NA,NA
283,Other,Demographic data,ICU discharge datetime,NA,NA
284,Other,Demographic data,Ideal body weight,NA,NA
285,Other,Nutrition,Contraindication to enteral feeding,NA,NA
286,Other,Nutrition,Energy intake,NA,NA
287,Other,Nutrition,Energy requirement,NA,NA
288,Other,Other,Advance care plan agreed,NA,NA
289,Other,Other,Consultation with patient,NA,NA
290,Other,Other,Surrogate decision maker documented,NA,NA
291,Procedure,Catheter,Central venous catheter,NA,NA
292,Procedure,ECMO,ECMO,NA,NA
293,Procedure,Nutrition,Enteral feeding,NA,NA
294,Procedure,Patient position,Mobilization,NA,NA
295,Procedure,Patient position,Order to not mobilize,NA,NA
296,Procedure,Patient position,Prone positioning,NA,NA
297,Procedure,Plasmapheresis,Plasmapheresis,NA,NA
298,Procedure,Renal replacement therapy,Renal replacement therapy,NA,NA
299,Ventilation,Airway device,Endotracheal tube,"# Definition

An endotracheal tube (ETT) is a medical device inserted through the mouth or nose into the trachea to maintain an open airway, facilitate mechanical ventilation, and protect against aspiration. No measurement units apply (device presence/type documentation).

# Mapping Strategy

For ICU documentation, this concept refers to the **presence and type of endotracheal tube** as an airway device. Prioritize the **device type** when clinically relevant, or use the generic concept when the specific tube type is unspecified.

## Recommended concepts

**Default concept:**

- **Endotracheal tube, device** (SNOMED 26412008): Use when tube type is unspecified or standard ETT without special features

**Functional specializations** (for specialized clinical scenarios):

- **Antimicrobial endotracheal tube** (SNOMED 463327000): Tube with antimicrobial coating to prevent ventilator-associated pneumonia (VAP)
- **Cuff-suction endotracheal tube** (SNOMED 467766005): Tube with subglottic suction port above the cuff for secretion drainage
- **Endotracheal tube with bronchial blocker** (SNOMED 430553000): Tube with integrated bronchial blocker for lung isolation during thoracic procedures
- **Endotracheal tube with directional tip** (SNOMED 449298004): Tube with steerable tip for difficult intubation scenarios

**Structural variations** (for specific positioning or kinking prevention):

- **Armored endotracheal tube** (SNOMED 309801005): Tube reinforced with wire coil (also called flexometallic or reinforced tube) to prevent kinking during prone positioning or head/neck surgery
- **Preformed endotracheal tube** (SNOMED 420977008): Tube pre-shaped for specific surgical positioning
- **RAE endotracheal tube** (SNOMED 309802003): Ring, Adair, Elwyn tube with pre-formed bend to keep connections away from surgical field
  - **Oral RAE endotracheal tube** (SNOMED 309804002): RAE tube inserted orally
  - **Nasal RAE endotracheal tube** (SNOMED 309805001): RAE tube inserted nasally
- **Magill type endotracheal tube** (SNOMED 420673005): Standard curved tube design
  - **Magill type oral endotracheal tube** (SNOMED 420344001): Magill tube inserted orally
  - **Magill type nasal endotracheal tube** (SNOMED 420855005): Magill tube inserted nasally
- **Oxford endotracheal tube** (SNOMED 309803008): Specific tube design (less common in modern practice)

**Procedure-specific tubes** (primarily for operating room use):

- **Laser-resistant endotracheal tube** (SNOMED 470227004): Tube wrapped with metallic foil for laser surgery on airway structures
- **High-frequency ventilation endotracheal tube** (SNOMED 700604003): Specialized tube for high-frequency oscillatory ventilation (HFOV)
- **Oxygen insufflation endotracheal tube** (SNOMED 1187321001): Tube designed for apneic oxygenation during intubation or procedures
- **Electromyographic endotracheal tube** (SNOMED 704923004): Tube with integrated electrodes for nerve monitoring during thyroid/neck surgery
- **Video intubation endotracheal tube** (SNOMED 870581009): Tube with integrated camera for intubation guidance

# Important Notes

- **Tube characteristics as separate observations**: Record these as separate measurements linked via FACT_RELATIONSHIP:
  - Tube size/diameter (typically 6.0-9.0 mm internal diameter for adults) - use separate ""Endotracheal tube diameter"" concept
  - Tube insertion depth (cm at teeth/lips)
  - Cuff pressure (typically maintained at 20-30 **cmH₂O**) - record as separate vital sign measurement
  - Insertion route (oral vs nasal) - can be linked via FACT_RELATIONSHIP to SNOMED position concepts

- **Distinction from tracheostomy**: Endotracheal tubes are inserted through the upper airway (mouth/nose) for short-to-medium term use (typically <14-21 days), while tracheostomy tubes are placed through a surgical stoma in the anterior trachea for longer-term airway management","{
  ""data_types"": [""numeric""],
  ""statistical_data"": {
    ""min"": null,
    ""max"": null,
    ""median"": null,
    ""mean"": null,
    ""p5"": null,
    ""p25"": null,
    ""p75"": null,
    ""p95"": null
  },
  ""possible_values"": []
}"
300,Ventilation,Airway device,Tracheostomy tube,"# Definition

A tracheostomy tube is a medical device inserted through a surgical opening (stoma) in the anterior trachea to provide long-term airway access, facilitate mechanical ventilation, and enable secretion management. No measurement units apply (device presence/type documentation).

# Mapping Strategy

For ICU documentation, this concept refers to the **presence and type of tracheostomy tube** as a long-term airway device. Prioritize the **device type and features** when clinically relevant, or use the generic concept when the specific tube characteristics are unspecified.

## Recommended concepts

**Default concept:**

- **Tracheostomy tube, device** (SNOMED 129121000): Use when tube type or features are unspecified

**Tube design features:**

- **Fenestrated tracheostomy tube** (SNOMED 1343696006): Tube with openings (fenestrations) in the shaft to allow airflow through the upper airway for speech and weaning
- **Non-fenestrated tracheostomy tube** (SNOMED 1344664005): Tube without fenestrations (standard design for mechanical ventilation)
- **Reinforced tracheostomy tube** (SNOMED 465608000): Tube with wire reinforcement to prevent kinking or compression

**Tube components:**

- **Tracheostomy tube cannula** (SNOMED 1137710007): Generic term for the tube shaft itself
- **Tracheostomy tube inner cannula** (SNOMED 1343640004): Removable inner liner for easier cleaning and maintenance (not a separate device, but a component)

**Specialized surgical tubes:**

- **Operative tracheostomy tube** (SNOMED 463384005): Tube designed for immediate use during surgical tracheostomy procedure
- **Laryngectomy tube** (SNOMED 470610002): Tube for patients who have undergone total laryngectomy (shorter tube, different anatomy)
  - **Laryngectomy tube, non-sterile** (SNOMED 718933007): Non-sterile laryngectomy tube for long-term home use

# Important Notes

- **Distinction from endotracheal tubes**: Tracheostomy tubes are placed through a surgical stoma in the anterior trachea for longer-term airway management (typically >14-21 days), while endotracheal tubes are inserted through the upper airway (mouth/nose) for short-to-medium term use

- **Fenestrated vs non-fenestrated tubes**:
  - **Fenestrated tubes**: Used for weaning from mechanical ventilation and enabling speech when the tube is capped or cuffed with a one-way speaking valve
  - **Non-fenestrated tubes**: Standard for continuous mechanical ventilation without upper airway access
  - Many modern tracheostomy tubes have interchangeable inner cannulas (fenestrated and non-fenestrated) for the same outer cannula

- **Tube characteristics as separate observations**: Record these as separate measurements linked via FACT_RELATIONSHIP:
  - Tube size/diameter (typically 6.0-10.0 mm internal diameter for adults)
  - Tube length (standard vs extended length for anatomical variations)
  - Cuff type (cuffed vs uncuffed, high-volume low-pressure cuff)
  - Cuff pressure (typically maintained at 20-30 **cmH₂O**) - record as separate measurement

- **Inner cannula documentation**: The inner cannula is a removable component of the tracheostomy tube system, not a separate device. Use ""Tracheostomy tube inner cannula"" (SNOMED 1343640004) only when documenting inner cannula changes or cleaning procedures, not as the primary tracheostomy tube concept

- **Clinical context considerations**:
  - **Fenestrated tubes**: Allow upper airway breathing when capped (for speech, swallowing assessment, ventilator weaning)
  - **Reinforced tubes**: Prevent tube occlusion in patients with thick necks, obese patients, or those at risk of external compression
  - **Operative tubes**: Initial tubes placed during surgical tracheostomy, often replaced after tract maturation (7-14 days)","{
  ""data_types"": [""numeric""],
  ""statistical_data"": {
    ""min"": null,
    ""max"": null,
    ""median"": null,
    ""mean"": null,
    ""p5"": null,
    ""p25"": null,
    ""p75"": null,
    ""p95"": null
  },
  ""possible_values"": []
}"
301,Ventilation,Oxygenation,FiO2,"# Definition

Fraction of Inspired Oxygen (FiO2) represents the proportion of oxygen in the inhaled gas mixture, expressed as a **percentage (21-100%)** or decimal fraction (0.21-1.0). Normal room air FiO2 is 21%. In mechanically ventilated or oxygen-supplemented patients, FiO2 ranges from 21% to 100%.

# Mapping Strategy

FiO2 measurements can be **set values** (prescribed oxygen concentration) or **measured values** (analyzed oxygen concentration). For ICU documentation, use the default concept for most cases, or specify ventilator context when relevant.

## Recommended concepts

**Default concepts:**

- **Inspired oxygen concentration** (SNOMED 250774007): Use for all FiO2 measurements regardless of delivery method or measurement technique
- **Inhaled oxygen concentration** (LOINC 3150-0): Use for all FiO2 measurements regardless of delivery method or measurement technique

**Ventilator-specific concepts:**

- **Oxygen/Inspired gas Respiratory system --on ventilator** (LOINC 19996-8): FiO2 measured or set on mechanical ventilator (method unspecified)
- **Oxygen/Inspired gas Respiratory system by O2 Analyzer --on ventilator** (LOINC 19995-0): FiO2 measured using oxygen analyzer on mechanical ventilator

# Important Notes

- **Units**: FiO2 should be documented as **percentage (%)** (UCUM concept ID 8554). Decimal fraction (0.21-1.0) can also be used but percentage is preferred for clinical consistency.

- **Set vs measured FiO2**:
  - **Set FiO2**: Prescribed oxygen concentration on ventilator or oxygen delivery device
  - **Measured FiO2**: Actual analyzed oxygen concentration (via oxygen analyzer)
  - Some ventilators display both values; measured FiO2 may differ from set FiO2 due to circuit leaks or device limitations

- **FiO2 estimation for non-invasive oxygen delivery**:
  - Nasal cannula: Approximate FiO2 = 21% + (4% × oxygen flow rate in L/min)
  - Example: 2 L/min = ~28%, 6 L/min = ~44%
  - Venturi masks provide more precise FiO2 control (24%, 28%, 31%, 35%, 40%, 60%)
  - Non-rebreather mask: ~60-95% depending on flow rate and seal
  - These are estimates; actual FiO2 varies with patient breathing pattern and device fit","{
  ""data_types"": [""numeric""],
  ""statistical_data"": {
    ""min"": null,
    ""max"": null,
    ""median"": null,
    ""mean"": null,
    ""p5"": null,
    ""p25"": null,
    ""p75"": null,
    ""p95"": null
  },
  ""possible_values"": []
}"
302,Ventilation,Oxygenation,Oxygen flow rate,NA,NA
303,Ventilation,Ventilation device,Extubation,NA,NA
304,Ventilation,Ventilation device,Humidification Therapy,NA,NA
305,Ventilation,Ventilation device,Intubation,NA,NA
306,Ventilation,Ventilation device,Invasive mechanical ventilation,NA,NA
307,Ventilation,Ventilation device,Non-invasive ventilation,NA,NA
308,Ventilation,Ventilation device,Oxygen device,NA,NA
309,Ventilation,Ventilation device,Trial of spontaneous breathing,NA,NA
310,Ventilation,Ventilation parameters,Breath cycle timing,NA,NA
311,Ventilation,Ventilation parameters,Carbon dioxide production,NA,NA
312,Ventilation,Ventilation parameters,End tidal carbone dioxyde concentration,NA,NA
313,Ventilation,Ventilation parameters,Horowitz index,NA,NA
314,Ventilation,Ventilation parameters,Inspiratory pressure setting,NA,NA
315,Ventilation,Ventilation parameters,Lung compliance,NA,NA
316,Ventilation,Ventilation parameters,Mean airway pressure,NA,NA
317,Ventilation,Ventilation parameters,Minute volume,NA,NA
318,Ventilation,Ventilation parameters,PEEP,"Positive End Expiratory Pressure (PEEP) can be both set and measured on the ventilator.
Measured PEEP can include distinct values such as total, extrinsic, and intrinsic PEEP.
When **all these details are available**, we recommend using the concept ""**Positive end expiratory pressure setting**"" for the value set on the ventilator, and ""**Intrinsic PEEP Respiratory system**"", ""**Extrinsic PEEP Respiratory system*"", or ""**Total PEEP Respiratory system</strong>"" for the measured values.
Intrinsic and extrinsic PEEP values are typically obtained during an expiratory flow pause performed by the clinician. To differentiate PEEP values obtained with or without this maneuver, we suggest using ""**Total PEEP Respiratory system**"" for any measured PEEP, and specifying ""**Intrinsic PEEP Respiratory system**"" and ""**Extrinsic PEEP Respiratory system**"" only when a pause was performed to obtain them.
Finally, if no detail is available about whether the PEEP is set or measured, the more generic concept ""**Positive end expiratory pressure**"" should be used.",NA
319,Ventilation,Ventilation parameters,Peak inspiration pressure,NA,NA
320,Ventilation,Ventilation parameters,Plateau pressure,NA,NA
321,Ventilation,Ventilation parameters,Respiratory rate,NA,NA
322,Ventilation,Ventilation parameters,Tidal volume,"Tidal volume can be both set and measured on the ventilator (with distinct inspiratory and expiratory values for the measured tidal volume).
When **all this information is available**, we recommend using the concept ""**Mandatory tidal volume**"" for the value set on the ventilator, and ""**Inspiratory tidal volume**"" or ""**Expiratory tidal volume**"" for the measured values.
If the measured tidal volume is documented but the source (inspiratory or expiratory) is not specified, we suggest using ""**Spontaneous tidal volume**"".
Finally, if no detail is available about whether the tidal volume is set or measured, the generic concept ""**Tidal volume**"" should be used.",NA
323,Ventilation,Ventilation parameters,Ventilation mode,NA,NA
324,Vitals,Haemodynamics,Cardiac output,"# Definition

Cardiac output (CO) represents the volume of blood pumped by the heart per unit of time, expressed in **liters per minute (L/min)**. Normal cardiac output in adults at rest ranges from approximately 4-8 L/min, varying with body size, age, and metabolic demand. It is a critical hemodynamic parameter used to assess cardiovascular function and tissue perfusion in intensive care and critical care settings.

# Mapping Strategy

Prioritize the most granular concept available that matches your measurement method and anatomical location (left vs right ventricle). Use the generic ""Cardiac output"" concept only when the specific measurement method or ventricular location cannot be determined.

**For combined information**: If both measurement method and clinical context are documented and clinically important, use FACT_RELATIONSHIP to link the measurement concept to relevant contextual information.

## Recommended concepts

**Default concept:**

- **Cardiac output** (SNOMED 82799009): Use when measurement method and ventricular location are unknown

**Left ventricular concepts:**

- **Left ventricular Cardiac output** (LOINC 8741-1): Generic left ventricular cardiac output when specific method is unknown

**Invasive monitoring methods:**

- **Left ventricular Cardiac output by Indicator dilution** (LOINC 8737-9): Thermodilution or dye dilution techniques (e.g., Swan-Ganz catheter, PiCCO, LiDCO with bolus injection)
- **Left ventricular Cardiac output by Continuous** (LOINC 76519-8): Continuous monitoring systems using pulse contour analysis (e.g., PiCCO continuous, FloTrac, LiDCO continuous)
- **Left ventricular Cardiac output by Intermitent measure** (LOINC 61014-7): Intermittent measurement systems
- **Left ventricular Cardiac output by Fick method** (LOINC 8736-1): Calculated using oxygen consumption and arteriovenous oxygen difference (cardiac catheterization)

**Ultrasound/echocardiography methods:**

- **Left ventricular Cardiac output by US.doppler** (LOINC 8735-3): Doppler ultrasound measurement through left ventricular outflow tract (LVOT) or aortic valve (most common point-of-care method)
- **Left ventricular Cardiac output by US** (LOINC 24526-6): Generic ultrasound measurement when specific technique is unknown
- **Left ventricular Cardiac output by US.2D+Calculated** (LOINC 76565-1): Generic 2D ultrasound with volumetric calculation
- **Left ventricular Cardiac output by US.M-mode+Calculated** (LOINC 76564-4): Generic M-mode ultrasound with calculation
- **Left ventricular Cardiac output by US 3D** (LOINC 81390-7): 3D echocardiography
- **Ventricular Cardiac output by 2D echo** (LOINC 8731-2): Generic 2D echocardiography without specifying ventricle or calculation method
- **Aorta root Cardiac output by US.doppler** (LOINC 17992-9): Doppler measurement at aortic root

**Ultrasound 2D calculation formulas:**

- **Left ventricular Cardiac output by US.2D+Calculated by Teichholz method** (LOINC 76569-3): Linear dimension-based calculation (M-mode or 2D derived)
- **Left ventricular Cardiac output by US.2D+Calculated by Gibson method** (LOINC 76571-9): Alternative linear dimension formula
- **Left ventricular Cardiac output by US.2D+Calculated by cube method** (LOINC 76567-7): Cubic formula for left ventricular volume
- **Left ventricular Cardiac output by US.2D+Calculated by biplane area-length method** (LOINC 93649-2): Biplane volumetric calculation
- **Left ventricular Cardiac output by US.2D+Calculated by biplane ellipse method** (LOINC 20204-4): Biplane ellipsoid model
- **Left ventricular Cardiac output by US.2D+Calculated by bullet method** (LOINC 20205-1): Bullet-shaped ventricular model
- **Left ventricular Cardiac output by US.2D+Calculated by single-plane ellipse method** (LOINC 20212-7): Single-plane ellipsoid model
- **Left ventricular Cardiac output by US 2D left ventricular outflow tract calculated** (LOINC 20207-7): LVOT diameter and VTI-based calculation
- **Left ventricular Cardiac output by US 2D modified biplane calculated** (LOINC 20208-5): Modified biplane Simpson's method

**Ultrasound M-mode calculation formulas:**

- **Left ventricular Cardiac output by US.M-mode+Calculated by Teichholz method** (LOINC 76568-5): M-mode linear dimensions with Teichholz formula
- **Left ventricular Cardiac output by US.M-mode+Calculated by Gibson method** (LOINC 76570-1): M-mode linear dimensions with Gibson formula
- **Left ventricular Cardiac output by US.M-mode+Calculated by cube method** (LOINC 76566-9): M-mode linear dimensions with cubic formula

**Ultrasound view-specific and formula-specific methods:**

- **Left ventricular Cardiac output by US.2D.A2C+Calc by single plane area-length method** (LOINC 93647-6): Apical 2-chamber view with area-length formula
- **Left ventricular Cardiac output by US.2D.A2C+Calculated by single plane method of disks** (LOINC 93650-0): Apical 2-chamber view with Simpson's method
- **Left ventricular Cardiac output by US.2D.A4C+Calc by single plane area-length method** (LOINC 93648-4): Apical 4-chamber view with area-length formula
- **Left ventricular Cardiac output by US.2D.A4C+Calculated by single plane method of disks** (LOINC 93651-8): Apical 4-chamber view with Simpson's method
- **Left ventricular Cardiac output by US+Calculated by Teichholz method** (LOINC 20213-5): Generic ultrasound with Teichholz calculation
- **Left ventricular Cardiac output by US.cubed.calculated** (LOINC 20206-9): Cubic formula calculation
- **Left ventricular Cardiac output.2 chamber by US 2D modified single-plane calculated** (LOINC 20210-1): 2-chamber view with modified single-plane method
- **Left ventricular Cardiac output.4 chamber by US 2D modified single-plane calculated** (LOINC 20211-9): 4-chamber view with modified single-plane method
- **Ventricular Cardiac output by US.2D+Calculated by modified Simpson method** (LOINC 20209-3): Modified Simpson's rule (method of disks)
- **Left ventricular Cardiac output/Heart rate 4 chamber by US 2D modified single-plane calculated** (LOINC 20332-3): Cardiac output divided by heart rate from 4-chamber view (provides stroke volume)

**Imaging methods (non-ultrasound):**

- **Left ventricular Cardiac output by MR** (LOINC 8738-7): Cardiac magnetic resonance imaging
- **Left ventricular Cardiac output by Angiography biplane** (LOINC 8732-0): Biplane angiography
- **Left ventricular Cardiac output by Angiography single plane** (LOINC 8733-8): Single-plane angiography
- **Left ventricular Cardiac output by Spiral CT** (LOINC 8734-6): Computed tomography
- **Left ventricular Cardiac output by Nuclear blood pool** (LOINC 8739-5): Nuclear medicine blood pool imaging

**Right ventricular concepts:**

- **Right ventricular cardiac output** (SNOMED 428628004): Generic right ventricular measurement
- **Right ventricular Cardiac output by Indicator dilution** (LOINC 101151-9): Pulmonary artery thermodilution (Swan-Ganz catheter)
- **Right ventricular Cardiac output by Fick method** (LOINC 101150-1): Calculated using oxygen consumption
- **Right ventricular Cardiac output by US 2D tricuspid valve** (LOINC 20214-3): Echocardiography via tricuspid valve
- **Pulmonary artery Cardiac output by US** (LOINC 17994-5): Ultrasound measurement at pulmonary artery

# Clinical Context

**For intensive care/critical care monitoring:**
- Thermodilution methods (Swan-Ganz, PiCCO) → Use ""Indicator dilution"" concepts
- Pulse contour analysis (FloTrac, LiDCO continuous) → Use ""Continuous"" measurement concepts
- Point-of-care ultrasound → Use Doppler or 2D ultrasound concepts with appropriate calculation method if documented

**For cardiology assessments:**
- Transthoracic echocardiography → Use LVOT Doppler, 2D calculation methods, or view-specific concepts based on documentation
- Cardiac catheterization → Use Fick method or indicator dilution concepts
- Cardiac MRI → Use ""by MR"" concept
- Advanced imaging → Use appropriate angiography, CT, or nuclear imaging concepts

**For echocardiography:**
- When the specific calculation formula is documented (Teichholz, Simpson, Gibson, etc.), use the formula-specific concept
- When only the general method is known (2D, M-mode, Doppler), use the generic ultrasound concepts
- Apical views (A2C, A4C) with specific calculations should use view-specific concepts","{
  ""data_types"": [""numeric""],
  ""statistical_data"": {
    ""min"": 1,
    ""max"": null,
    ""median"": null,
    ""mean"": null,
    ""p5"": null,
    ""p25"": null,
    ""p75"": null,
    ""p95"": null,
    ""outliers_count"": null
  },
  ""temporal_info"": {
    ""frequency_range"": {
      ""min"": null,
      ""max"": null
    },
    ""measurement_period"": []
  },
  ""possible_values"": []
}"
325,Vitals,Haemodynamics,Central venous pressure,"# Definition

Central venous pressure (CVP) represents the blood pressure in the central venous system (venae cavae or right atrium), expressed in **mmHg** or **cmH2O**. Normal CVP ranges approximately from 2-8 mmHg (3-11 cmH2O) in adults.

# Mapping Strategy

LOINC distinguishes CVP measurements by **timing phase** (mean, systolic, diastolic) and **system location** (central venous catheter vs blood in central veins). The presence of systolic/diastolic variations depends on the measurement location within the central venous system.

Prioritize the **generic CVP measurement** (SNOMED or LOINC generic) when timing is unspecified, and use timing-specific concepts when your monitoring system explicitly reports mean, systolic, or diastolic components.

## Recommended concepts

**Default and primary concepts:**

- **Central venous pressure** (SNOMED 71420008): Use when measurement timing is unspecified or when reporting single CVP value (most common ICU use case)
- **Central venous pressure (CVP)** (LOINC 60985-9): Generic LOINC concept measuring intravascular pressure via central venous catheter, use when timing is unspecified

**Timing-specific concepts:**

- **Central venous pressure (CVP) Mean** (LOINC 8591-0): Mean CVP across cardiac cycle (measured in blood in central veins)
- **Central venous pressure (CVP) Systolic** (LOINC 60987-5): Peak intravascular pressure during ventricular systole measured via central venous catheter
- **Central venous pressure (CVP) Diastolic** (LOINC 60986-7): Nadir intravascular pressure during ventricular diastole measured via central venous catheter

## Not recommended for routine use

**Non-standard procedure concept:**

- **Measurement of central venous pressure** (SNOMED 54654001): Non-standard SNOMED procedure concept; prefer the observable entity concept (SNOMED 71420008) for actual pressure measurements

# Important Notes

- CVP is measured via a central venous catheter (subclavian, internal jugular, or femoral vein) with the transducer zeroed at the level of the right atrium (phlebostatic axis)
- **Measurement location matters**: When the catheter tip is positioned in the vena cava, there is typically no systolic/diastolic variation (constant pressure). Systolic/diastolic CVP components (mean, systolic, diastolic) are only relevant when the catheter tip is positioned in the right atrium, where cardiac pulsations create pressure variations across the cardiac cycle
- Use the generic CVP concept (SNOMED 71420008 or LOINC 60985-9) for vena cava measurements; use timing-specific concepts (mean, systolic, diastolic) only for right atrial measurements",NA
326,Vitals,Haemodynamics,Diastolic arterial pressure,"# Definition

Diastolic arterial pressure represents the minimum arterial pressure during ventricular diastole (heart relaxation), expressed in **millimeters of mercury (mmHg)**. Normal diastolic blood pressure in adults typically ranges from approximately 60-90 mmHg. It is a fundamental hemodynamic parameter used to assess cardiovascular function and peripheral vascular resistance.

# Mapping Strategy

LOINC uses **post-coordinated concepts** that combine multiple dimensions (measurement method + position + anatomical location) into single codes. This can create redundancy when only one dimension (e.g., invasive vs non-invasive method) is documented. For most ICU use cases, we recommend capturing the measurement method and linking position or anatomical location separately via OMOP FACT_RELATIONSHIP table.

Prioritize the **measurement method** (invasive vs non-invasive) over position or anatomical location modifiers.

**Note on ""Diastolic blood pressure"" concepts:**
- **Diastolic blood pressure** (SNOMED 271650006) and **Diastolic blood pressure** (LOINC 8462-4) both refer to arterial pressure, but we prefer the more explicit SNOMED ""Diastolic arterial pressure"" concept with ""arterial"" explicitly stated to avoid any ambiguity.

**For combined information**: If both measurement method and position/anatomical site are documented and clinically important, use FACT_RELATIONSHIP to link the measurement method concept to a SNOMED position or anatomical site concept.

## Recommended concepts

**Default concept:**

- **Diastolic arterial pressure** (SNOMED 1091811000000102): Use when measurement method is unspecified

**Measurement method concepts:**

- **Invasive diastolic arterial pressure** (SNOMED 251073000): Invasive measurement via arterial catheter (most accurate for intensive care unit monitoring)
- **Non-invasive diastolic arterial pressure** (SNOMED 174255007): Non-invasive measurement via automated blood pressure cuff or manual auscultation

## Not recommended for routine use

Use these concepts **only when position, anatomical location, or clinical context is the primary clinical focus** (e.g., orthostatic vital sign assessment, exercise stress testing, specific arterial pressure monitoring for research).

For most use cases, we recommend capturing patient position or specific arterial location separately using OMOP FACT_RELATIONSHIP table linked to SNOMED position concepts (e.g., ""Supine body position"" SNOMED 4221822, ""Sitting position"" SNOMED 4142787) or anatomical site concepts rather than using post-coordinated LOINC concepts.

For measurements taken from arterial catheters at specific anatomical locations, you can link the measurement to the patient's arterial catheter device (domain_id Device) via FACT_RELATIONSHIP. See the general concept ""Arterial catheter"" for device mapping guidance.

**Generic ""Diastolic blood pressure"" concepts (use explicit ""arterial"" concepts instead):**

- **Diastolic blood pressure** (SNOMED 271650006): Ambiguous - includes both arterial and venous diastolic pressures
- **Diastolic blood pressure** (LOINC 8462-4): Refers to arterial pressure but lacks explicit terminology
- **Invasive Diastolic blood pressure** (LOINC 76213-8): Use ""Invasive diastolic arterial pressure"" (SNOMED 251073000) instead
- **Diastolic blood pressure by Noninvasive** (LOINC 76535-4): Use ""Non-invasive diastolic arterial pressure"" (SNOMED 174255007) instead
- **Diastolic blood pressure by Continuous non-invasive monitoring** (LOINC 75995-1): Use ""Non-invasive diastolic arterial pressure"" (SNOMED 174255007) instead

**Specific concepts by patient position:**

- **Diastolic blood pressure--supine** (LOINC 8455-8): Measured while patient is lying flat
- **Lying diastolic blood pressure** (SNOMED 407557002): Measured while patient is lying (generic lying position)
- **Diastolic blood pressure--sitting** (LOINC 8453-3): Measured while patient is seated
- **Diastolic blood pressure--standing** (LOINC 8454-1): Measured while patient is upright/standing
- **Diastolic blood pressure--lying in L-lateral position** (LOINC 89267-9): Measured while patient is lying on left side

**Specific concepts by clinical context:**

- **Diastolic blood pressure--during anesthesia** (LOINC 89281-0): Measured intraoperatively under anesthesia
- **Diastolic blood pressure--expiration** (LOINC 8446-7): Measured during expiratory phase of respiration
- **Diastolic blood pressure--inspiration** (LOINC 8447-5): Measured during inspiratory phase of respiration
- **Diastolic blood pressure--W exercise** (LOINC 87740-7): Measured during exercise
- **Diastolic blood pressure--post exercise** (LOINC 87736-5): Measured after exercise completion

**Specific concepts by anatomical location (arterial catheter site):**

- **Radial artery Diastolic blood pressure** (LOINC 8500-1): Invasive measurement from radial artery catheter
- **Radial artery - left Diastolic blood pressure** (LOINC 8526-6): Left radial artery
- **Radial artery - right Diastolic blood pressure** (LOINC 8527-4): Right radial artery
- **Femoral artery Diastolic blood pressure** (LOINC 8498-8): Invasive measurement from femoral artery catheter
- **Femoral artery - left Diastolic blood pressure** (LOINC 8518-3): Left femoral artery
- **Femoral artery - right Diastolic blood pressure** (LOINC 8519-1): Right femoral artery

**Specialized concepts:**

- **Non-invasive central diastolic blood pressure** (SNOMED 1036571000000105): Central aortic diastolic pressure estimated non-invasively (specialized use for vascular assessment)

# Important Notes

- **Prioritize measurement method over position/location**: Use ""Invasive diastolic arterial pressure"" or ""Non-invasive diastolic arterial pressure"" rather than position-specific or anatomical site-specific concepts unless the specific site is clinically critical
- **Prefer explicit ""arterial"" terminology**: Use SNOMED concepts with ""arterial"" explicitly in the name to avoid confusion",NA
327,Vitals,Haemodynamics,Heart rate,"# Definition

Heart rate represents the number of heartbeats per unit of time, expressed in **beats per minute (bpm)**. Normal resting heart rate in adults typically ranges from approximately 60-100 bpm. It is a fundamental vital sign measured across all clinical settings.

# Mapping Strategy

LOINC uses **pre-coordinated concepts** that combine multiple dimensions (measurement method + position + context) into single codes. This can create redundancy when only one dimension (e.g., method) is documented. For most ICU use cases, we recommend capturing the measurement method and linking position or clinical context separately via OMOP FACT_RELATIONSHIP table.

Prioritize the **measurement method** over position or context modifiers.

## Recommended concepts

**Default and measurement method concepts:**

- **Heart rate** (LOINC 8867-4): Use when measurement method is unspecified
- **Heart rate by Pulse oximetry** (LOINC 8889-8): Heart rate derived from photoplethysmography via pulse oximeter sensor (finger, earlobe, forehead probe)
- **Heart rate.beat-to-beat by EKG** (LOINC 76282-3): Heart rate captured via electrocardiography (12-lead ECG or continuous cardiac monitoring/telemetry)
- **Heart rate Intra arterial line by Invasive** (LOINC 60978-4): Heart rate measured via intra-arterial catheter in intensive care unit, operating room, or critical care settings
- **Heart rate Peripheral artery by palpation** (LOINC 8893-0): Manual pulse palpation at peripheral artery (radial, carotid, femoral)
- **Heart rate by Transthoracic impedance** (LOINC 76476-1): Impedance cardiography measurement
- **Heart rate Peripheral artery by US.doppler** (LOINC 8892-2): Doppler ultrasound measurement at peripheral artery
- **Heart rate by Noninvasive** (LOINC 76477-9): Generic non-invasive measurement when specific method is unknown

**Neonatal/obstetric concepts:**

- **1 minute Apgar Heart rate** (LOINC 32407-9): Apgar score heart rate component at 1 minute after birth (0-2 scale, not bpm)
- **5 minute Apgar Heart rate** (LOINC 32412-9): Apgar score heart rate component at 5 minutes after birth (0-2 scale, not bpm)
- **10 minute Apgar Heart rate** (LOINC 32402-0): Apgar score heart rate component at 10 minutes after birth (0-2 scale, not bpm)
- **Fetal Heart rate** (LOINC 55283-6): Heart rate measured in utero via fetal monitoring (Doppler or cardiotocography)

## Not recommended for routine use

Use these concepts **only when position, activity, or clinical context is the primary clinical focus** (e.g., orthostatic vital sign assessment, exercise stress testing).

For most use cases, we recommend capturing patient position or clinical context separately using OMOP FACT_RELATIONSHIP table linked to SNOMED position concepts (e.g., ""Supine body position"" SNOMED 4221822, ""Sitting position"" SNOMED 4142787) rather than using pre-coordinated LOINC concepts.

**Specific concepts by patient position/activity:**

- **Heart rate --resting** (LOINC 40443-4): Measured at rest (position not specified)
- **Heart rate --supine** (LOINC 68999-2): Measured while patient is lying flat
- **Heart rate --sitting** (LOINC 69000-8): Measured while patient is seated
- **Heart rate --standing** (LOINC 69001-6): Measured while patient is upright/standing
- **Heart rate --W exercise** (LOINC 89273-7): Measured during exercise
- **Heart rate --post exercise** (LOINC 40442-6): Measured immediately after exercise cessation

**Specific concepts by clinical context:**

- **Heart rate --during anesthesia** (LOINC 89278-6): Measured intraoperatively under anesthesia
- **Heart rate --post bronchodilation** (LOINC 89282-8): Measured after bronchodilator administration (pulmonary function testing)
- **Heart rate Peripheral artery by palpation --resting** (LOINC 67129-7): Manual pulse at rest

# Important Notes

- **Prioritize measurement method over position/context**: Use ""Heart rate by Pulse oximetry"" rather than ""Heart rate --supine"" unless position is the primary clinical focus
- **For combined information**: If both measurement method and position are documented and clinically important, use FACT_RELATIONSHIP to link the measurement method concept to a SNOMED position concept","{
  ""data_types"": [""numeric""],
  ""statistical_data"": {
    ""min"": null,
    ""max"": null,
    ""median"": null,
    ""mean"": null,
    ""p5"": null,
    ""p25"": null,
    ""p75"": null,
    ""p95"": null
  },
  ""possible_values"": []
}"
328,Vitals,Haemodynamics,Mean arterial pressure,"# Definition

Mean arterial pressure (MAP) represents the average arterial pressure throughout the cardiac cycle, expressed in **millimeters of mercury (mmHg)**. Normal MAP in adults typically ranges from approximately 70-100 mmHg. It is a critical hemodynamic parameter used to assess tissue perfusion, particularly in intensive care and critical care settings.

# Mapping Strategy

LOINC uses **post-coordinated concepts** that combine multiple dimensions (measurement method + position + anatomical location) into single codes. This can create redundancy when only one dimension (e.g., invasive vs non-invasive method) is documented. For most ICU use cases, we recommend capturing the measurement method and linking position or anatomical location separately via OMOP FACT_RELATIONSHIP table.

Prioritize the **measurement method** (invasive vs non-invasive) over position or anatomical location modifiers.

**Note on ""Mean blood pressure"" concepts:**
- **Mean blood pressure** (SNOMED 6797001) is not recommended as the default concept because in SNOMED it is the parent concept for various pressure measurements including both arterial and venous pressures (e.g., ""Venous mean pressure"", ""Mean right atrial pressure"", ""Mean arterial pressure""). This can create ambiguity.
- **Mean blood pressure** (LOINC 8478-0) refers specifically to arterial pressure, but we prefer the more explicit SNOMED ""Mean arterial pressure"" concept to avoid confusion.

## Recommended concepts

**Default concept:**

- **Mean arterial pressure** (SNOMED 1285244000): Use when measurement method is unspecified

**Measurement method concepts:**

- **Invasive mean arterial pressure** (SNOMED 4108290): Invasive measurement via arterial catheter (most accurate for intensive care unit monitoring)
- **Non-invasive mean arterial pressure** (SNOMED 4108289): Non-invasive measurement via automated blood pressure cuff

## Not recommended for routine use

Use these concepts **only when position, anatomical location, or clinical context is the primary clinical focus** (e.g., orthostatic vital sign assessment, specific arterial pressure monitoring for research).

For most use cases, we recommend capturing patient position or specific arterial location separately using OMOP FACT_RELATIONSHIP table linked to SNOMED position concepts (e.g., ""Supine body position"" SNOMED 4221822, ""Sitting position"" SNOMED 4142787) or anatomical site concepts rather than using post-coordinated LOINC concepts.

For measurements taken from arterial catheters at specific anatomical locations, you can link the measurement to the patient's arterial catheter device (domain_id Device) via FACT_RELATIONSHIP. See the general concept ""Arterial catheter"" for device mapping guidance.

**Generic ""Mean blood pressure"" concepts (use explicit ""arterial"" concepts instead):**

- **Mean blood pressure** (SNOMED 6797001): Ambiguous - includes both arterial and venous pressures
- **Mean blood pressure** (LOINC 8478-0): Refers to arterial pressure but lacks explicit terminology
- **Invasive Mean blood pressure** (LOINC 76214-6): Use ""Invasive mean arterial pressure"" (SNOMED 4108290) instead
- **Mean blood pressure by Noninvasive** (LOINC 76536-2): Use ""Non-invasive mean arterial pressure"" (SNOMED 4108289) instead
- **Mean blood pressure by Continuous non-invasive monitoring** (LOINC 75996-9): Use ""Non-invasive mean arterial pressure"" (SNOMED 4108289) instead

**Specific concepts by patient position:**

- **Mean blood pressure--supine** (LOINC 8458-2): Measured while patient is lying flat
- **Mean blood pressure--sitting** (LOINC 8456-6): Measured while patient is seated
- **Mean blood pressure--standing** (LOINC 8457-4): Measured while patient is upright/standing

**Specific concepts by clinical context:**

- **Mean blood pressure--during anesthesia** (LOINC 95822-3): Measured intraoperatively under anesthesia
- **Mean blood pressure by Noninvasive--during anesthesia** (LOINC 95821-5): Non-invasive measurement during anesthesia
- **Mean blood pressure--expiration** (LOINC 8448-3): Measured during expiratory phase of respiration
- **Mean blood pressure--inspiration** (LOINC 8449-1): Measured during inspiratory phase of respiration

**Specific concepts by anatomical location (arterial catheter site):**

- **Radial artery Mean blood pressure** (LOINC 8506-8): Invasive measurement from radial artery catheter
- **Radial artery - left Mean blood pressure** (LOINC 8542-3): Left radial artery
- **Radial artery - right Mean blood pressure** (LOINC 8543-1): Right radial artery
- **Femoral artery Mean blood pressure** (LOINC 8504-3): Invasive measurement from femoral artery catheter
- **Femoral artery - left Mean blood pressure** (LOINC 8534-0): Left femoral artery
- **Femoral artery - right Mean blood pressure** (LOINC 8535-7): Right femoral artery
- **Renal artery - left Mean blood pressure** (LOINC 8417-8): Left renal artery (specialized use)
- **Renal artery - right Mean blood pressure** (LOINC 8418-6): Right renal artery (specialized use)

# Important Notes

- **Prioritize measurement method over position/location**: Use ""Invasive mean arterial pressure"" or ""Non-invasive mean arterial pressure"" rather than position-specific or anatomical site-specific concepts unless the specific site is clinically critical
- **For combined information**: If both measurement method and position/anatomical site are documented and clinically important, use FACT_RELATIONSHIP to link the measurement method concept to a SNOMED position or anatomical site concept
- **MAP calculation**: MAP can be measured directly or calculated from systolic and diastolic pressures (MAP ≈ DBP + 1/3(SBP - DBP))
- **Prefer explicit ""arterial"" terminology**: Use SNOMED concepts with ""arterial"" explicitly in the name to avoid confusion with venous pressure measurements",NA
329,Vitals,Haemodynamics,Systolic arterial pressure,"# Definition

Systolic arterial pressure represents the peak arterial pressure during ventricular systole (heart contraction), expressed in **millimeters of mercury (mmHg)**. Normal systolic blood pressure in adults typically ranges from approximately 90-140 mmHg. It is a fundamental hemodynamic parameter used to assess cardiovascular function and tissue perfusion, particularly in intensive care and critical care settings.

# Mapping Strategy

LOINC uses **post-coordinated concepts** that combine multiple dimensions (measurement method + position + anatomical location) into single codes. This can create redundancy when only one dimension (e.g., invasive vs non-invasive method) is documented. For most ICU use cases, we recommend capturing the measurement method and linking position or anatomical location separately via OMOP FACT_RELATIONSHIP table.

Prioritize the **measurement method** (invasive vs non-invasive) over position or anatomical location modifiers.

**Note on ""Systolic blood pressure"" concepts:**
- **Systolic blood pressure** (SNOMED 271649006) and **Systolic blood pressure** (LOINC 8480-6) both refer to arterial pressure, but we prefer the more explicit SNOMED ""Systolic arterial pressure"" concept with ""arterial"" explicitly stated to avoid any ambiguity.

**For combined information**: If both measurement method and position/anatomical site are documented and clinically important, use FACT_RELATIONSHIP to link the measurement method concept to a SNOMED position or anatomical site concept.

## Recommended concepts

**Default concept:**

- **Systolic arterial pressure** (SNOMED 72313002): Use when measurement method is unspecified

**Measurement method concepts:**

- **Invasive systolic arterial pressure** (SNOMED 251071003): Invasive measurement via arterial catheter (most accurate for intensive care unit monitoring)
- **Non-invasive systolic arterial pressure** (SNOMED 251070002): Non-invasive measurement via automated blood pressure cuff or manual auscultation

## Not recommended for routine use

Use these concepts **only when position, anatomical location, or clinical context is the primary clinical focus** (e.g., orthostatic vital sign assessment, exercise stress testing, specific arterial pressure monitoring for research).

For most use cases, we recommend capturing patient position or specific arterial location separately using OMOP FACT_RELATIONSHIP table linked to SNOMED position concepts (e.g., ""Supine body position"" SNOMED 4221822, ""Sitting position"" SNOMED 4142787) or anatomical site concepts rather than using post-coordinated LOINC concepts.

For measurements taken from arterial catheters at specific anatomical locations, you can link the measurement to the patient's arterial catheter device (domain_id Device) via FACT_RELATIONSHIP. See the general concept ""Arterial catheter"" for device mapping guidance.

**Generic ""Systolic blood pressure"" concepts (use explicit ""arterial"" concepts instead):**

- **Systolic blood pressure** (SNOMED 271649006): Ambiguous - includes both arterial and venous systolic pressures
- **Systolic blood pressure** (LOINC 8480-6): Refers to arterial pressure but lacks explicit terminology
- **Invasive Systolic blood pressure** (LOINC 76215-3): Use ""Invasive systolic arterial pressure"" (SNOMED 251071003) instead
- **Systolic blood pressure by Noninvasive** (LOINC 76534-7): Use ""Non-invasive systolic arterial pressure"" (SNOMED 251070002) instead
- **Systolic blood pressure by Continuous non-invasive monitoring** (LOINC 75997-7): Use ""Non-invasive systolic arterial pressure"" (SNOMED 251070002) instead
- **Systolic blood pressure by palpation** (LOINC 8479-8): Use ""Non-invasive systolic arterial pressure"" (SNOMED 251070002) instead

**Specific concepts by patient position:**

- **Systolic blood pressure--supine** (LOINC 8461-6): Measured while patient is lying flat
- **Systolic blood pressure--sitting** (LOINC 8459-0): Measured while patient is seated
- **Systolic blood pressure--standing** (LOINC 8460-8): Measured while patient is upright/standing
- **Systolic blood pressure--lying in L-lateral position** (LOINC 89268-7): Measured while patient is lying on left side

**Specific concepts by clinical context:**

- **Systolic blood pressure--during anesthesia** (LOINC 89280-2): Measured intraoperatively under anesthesia
- **Systolic blood pressure--expiration** (LOINC 8450-9): Measured during expiratory phase of respiration
- **Systolic blood pressure--inspiration** (LOINC 8451-7): Measured during inspiratory phase of respiration
- **Systolic blood pressure--W exercise** (LOINC 87739-9): Measured during exercise
- **Systolic blood pressure--post exercise** (LOINC 87741-5): Measured after exercise completion

**Specific concepts by anatomical location (arterial catheter site):**

- **Radial artery Systolic blood pressure** (LOINC 8512-6): Invasive measurement from radial artery catheter
- **Radial artery - left Systolic blood pressure** (LOINC 8567-0): Left radial artery
- **Radial artery - right Systolic blood pressure** (LOINC 8568-8): Right radial artery
- **Femoral artery Systolic blood pressure** (LOINC 8510-0): Invasive measurement from femoral artery catheter
- **Femoral artery - left Systolic blood pressure** (LOINC 8553-0): Left femoral artery
- **Femoral artery - right Systolic blood pressure** (LOINC 8554-8): Right femoral artery

**Specialized concepts:**

- **Non-invasive central systolic blood pressure** (SNOMED 1036551000000101): Central aortic systolic pressure estimated non-invasively (specialized use for vascular assessment)

# Important Notes

- **Prioritize measurement method over position/location**: Use ""Invasive systolic arterial pressure"" or ""Non-invasive systolic arterial pressure"" rather than position-specific or anatomical site-specific concepts unless the specific site is clinically critical
- **Prefer explicit ""arterial"" terminology**: Use SNOMED concepts with ""arterial"" explicitly in the name to avoid confusion
- **Pulsus paradoxus**: The difference between inspiratory and expiratory systolic pressure can be clinically significant in conditions like cardiac tamponade or severe asthma (typically >10 mmHg)",NA
330,Vitals,Other vitals,Body temperature,"# Definition

Body temperature represents the thermal state of the body, expressed in **degrees Celsius (°C)** or **degrees Fahrenheit (°F)**. Normal core body temperature ranges approximately from 36.5-37.5°C (97.7-99.5°F) in adults.

# Mapping Strategy

SNOMED and LOINC distinguish temperature measurements by **anatomical measurement site**, which determines whether the measurement reflects **core body temperature** (internal body temperature) or **peripheral temperature** (surface or extremity temperature). For most clinical use cases, prioritize the specific measurement site over generic body temperature concepts.

Prioritize the **most specific anatomical site** that matches your measurement location.

## Recommended concepts

**Default concepts:**

- **Body temperature** (SNOMED 386725007): Use when measurement site is unspecified
- **Body temperature** (LOINC 8310-5): Generic LOINC equivalent

**Core body temperature sites (most accurate for critically ill patients):**

- **Core body temperature** (SNOMED 276885007): Generic core temperature when specific site is unknown
- **Body temperature - Core** (LOINC 8329-5): LOINC generic core temperature
- **Rectal temperature** (SNOMED 307047009): Core body temperature measured in rectum
- **Rectal temperature** (LOINC 8332-9): LOINC equivalent for rectal measurement
- **Temperature of esophagus** (SNOMED 431598003): Esophageal temperature probe (operating room, ICU)
- **Esophageal temperature** (LOINC 60836-4): LOINC equivalent for esophageal measurement
- **Core body temperature measured at urinary bladder** (SNOMED 698832009): Bladder temperature via Foley catheter with temperature sensor (ICU)
- **Body temperature - Urinary bladder** (LOINC 8334-5): LOINC equivalent for bladder measurement
- **Bladder temperature via Foley** (LOINC 76278-1): Bladder temperature measured via Foley catheter
- **Core body temperature measured in blood** (SNOMED 37164002): Measured via pulmonary artery catheter or intravascular temperature probe
- **Blood temperature** (LOINC 60834-9): LOINC equivalent for blood temperature measurement
- **Body temperature - Intravascular** (LOINC 8330-3): Intravascular temperature measurement
- **Tympanic temperature** (SNOMED 415974002): Core body temperature measured at tympanic membrane via infrared ear thermometer
- **Ear temperature** (LOINC 76011-6): LOINC equivalent for tympanic measurement
- **Nasopharyngeal temperature** (SNOMED 698831002): Nasopharyngeal temperature probe
- **Nasopharyngeal temperature** (LOINC 60838-0): LOINC equivalent for nasopharyngeal measurement
- **Nasal temperature** (LOINC 76010-8): Nasal temperature measurement
- **Body temperature - Brain** (LOINC 91371-5): Brain temperature (neurosurgical monitoring)

**Peripheral/estimated core temperature sites (less accurate):**

- **Oral temperature** (SNOMED 415945006): Estimated core body temperature measured in sublingual space
- **Oral temperature** (LOINC 8331-1): LOINC equivalent for oral measurement
- **Axillary temperature** (SNOMED 415882003): Estimated core body temperature measured in axillary region
- **Axillary temperature** (LOINC 8328-7): LOINC equivalent for axillary measurement
- **Forehead temperature** (SNOMED 415922000): Forehead skin temperature (temporal artery thermometer or infrared scanner)
- **Body temperature - Temporal artery** (LOINC 75539-7): Temporal artery temperature measurement
- **Forehead skin strip temperature** (SNOMED 415921007): Liquid crystal thermometer strip applied to forehead
- **Temperature of skin** (SNOMED 364537001): Generic skin surface temperature
- **Temperature of Skin** (LOINC 39106-0): LOINC equivalent for skin temperature
- **Body surface temperature** (LOINC 61008-9): Body surface temperature measurement
- **Groin temperature** (SNOMED 415929009): Groin skin temperature
- **Body temperature - Groin** (LOINC 104063-3): LOINC equivalent for groin measurement

**Extremity and peripheral temperatures:**

- **Temperature of foot** (SNOMED 364518005): Foot skin temperature (perfusion assessment)
- **Body temperature - Foot surface** (LOINC 98663-8): Foot surface temperature
- **Temperature of left foot** (SNOMED 787141000000100): Left foot temperature (peripheral perfusion comparison)
- **Temperature of right foot** (SNOMED 787151000000102): Right foot temperature (peripheral perfusion comparison)
- **Temperature of digit of hand** (SNOMED 433588001): Finger temperature
- **Finger temperature** (LOINC 60830-7): LOINC equivalent for finger measurement
- **Body temperature - Hand surface** (LOINC 98657-0): Hand surface temperature
- **Temperature of toe** (SNOMED 433776001): Toe temperature
- **Toe temperature** (LOINC 60833-1): LOINC equivalent for toe measurement
- **Temperature of digit** (SNOMED 431197002): Generic digit (finger or toe) temperature
- **Temperature of Extremity** (LOINC 81673-6): Generic extremity temperature

**Specialized temperature sites (rare clinical use):**

- **Temperature of vagina** (SNOMED 364246006): Vaginal temperature
- **Temperature of pinna** (SNOMED 363997004): External ear (pinna) temperature
- **Breast temperature** (SNOMED 248835004): Breast skin temperature
- **Cervical spine temperature** (SNOMED 364419004): Cervical spine temperature
- **Thoracic spine temperature** (SNOMED 364424001): Thoracic spine temperature
- **Temperature of lumbar spine** (SNOMED 364429006): Lumbar spine temperature

**Other concepts:**

- **Target body temperature** (SNOMED 852581000000105): Target temperature for therapeutic temperature management (e.g., targeted temperature management post-cardiac arrest)
- **Body temperature taken with digital thermometer** (SNOMED 431807005): Generic temperature measured with digital electronic thermometer (site unspecified)

## Not recommended for routine use

**Context-specific concepts:**

- **Body temperature --after transfusion reaction** (LOINC 50400-1): Use only for transfusion reaction monitoring; link transfusion context separately via FACT_RELATIONSHIP for routine use

**Time-based concepts:**

- **Temperature of neonate at birth** (SNOMED 708499008): Pre-coordinated concept combining temperature measurement and timing (at birth). Instead, use the appropriate anatomical site concept (rectal, axillary, skin, etc.) with accurate timestamp; timing relative to birth can be inferred from the measurement datetime

**Out of scope concepts:**

Joint temperature concepts (e.g., knee joint temperature, ankle joint temperature, shoulder joint temperature) have been excluded from this vital signs temperature concept as they are primarily used for assessing local joint inflammation or infection (rheumatology, orthopedics) rather than systemic body temperature monitoring in ICU settings.

# Important Notes

- **Core vs peripheral temperature**: Core temperature (rectal, esophageal, bladder, blood) reflects true internal body temperature and is preferred for critically ill patients. Peripheral measurements (oral, axillary, forehead) may underestimate core temperature in hypothermia, shock, or severe peripheral vasoconstriction
- Extremity temperatures (foot, hand, toe, finger) are primarily used for assessing peripheral perfusion (cold extremities suggest poor perfusion) rather than monitoring core body temperature","{
  ""data_types"": [""numeric""],
  ""statistical_data"": {
    ""min"": null,
    ""max"": null,
    ""median"": null,
    ""mean"": null,
    ""p5"": null,
    ""p25"": null,
    ""p75"": null,
    ""p95"": null,
    ""outliers_count"": null
  },
  ""temporal_info"": {
    ""frequency_range"": {
      ""min"": null,
      ""max"": null
    },
    ""measurement_period"": []
  },
  ""possible_values"": []
}"
331,Vitals,Other vitals,Urine output,"# Definition

Urine output represents the volume of urine produced and collected over a specified time period, expressed in **milliliters (mL)** or **liters (L)**. Normal urine output in adults ranges approximately from 800-2000 mL per 24 hours.

# Mapping Strategy

LOINC and SNOMED distinguish urine output measurements by **collection method** (urethral catheter, nephrostomy, spontaneous void) and **time interval** (point in time, hourly, 24 hours). For most ICU use cases, prioritize **point-in-time measurements** with accurate timestamps over pre-aggregated time intervals, as time-based aggregations (hourly, 8-hour, 24-hour totals) can be calculated from individual timestamped measurements.

Prioritize the **collection method** over time intervals, and use point-in-time measurements rather than pre-aggregated intervals.

## Recommended concepts

**Default concepts (point-in-time measurements):**

- **Urine output** (LOINC 9187-6): Generic urine output measurement at a point in time (collection method unspecified)
- **Measure of urine output** (SNOMED 364202003): SNOMED equivalent for urine output measurement
- **Diuresis** (SNOMED 60309003): Medical term for urine production/excretion
- **Urine volume** (SNOMED 993701000000102): Total urine volume collected at a point in time

**Collection method-specific concepts:**

- **Urine output by in and out urethral catheter** (LOINC 9195-9): Urine collected via indwelling urinary catheter (Foley catheter, most common in ICU)
- **Urine output measured by nephrostomy** (LOINC 79549-2): Urine collected via nephrostomy tube (percutaneous kidney drainage)
- **Other urine volume** (SNOMED 1027231000000106): Urine volume from alternative collection methods (e.g., external catheter, bedpan, urinal)

## Not recommended for routine use

**Pre-aggregated time intervals:**

Use these concepts **only when point-in-time measurements with accurate timestamps are unavailable**. For most ICU use cases, record each urine output measurement as a point-in-time value with timestamp; time-based aggregations (hourly, 8-hour, 24-hour totals) can be calculated from individual timestamped measurements with greater precision.

Pre-aggregated time interval concepts are less precise because:
- They lose granular timing information (cannot reconstruct exact measurement times)
- They cannot accommodate variable collection intervals (e.g., 1.5 hours, 3 hours)
- They complicate trending and rate calculations

**Time interval concepts:**

- **Urine output 1 hour** (LOINC 9188-4): Pre-aggregated hourly urine output
- **Measurement of urine volume over 6 hours** (SNOMED 167578005): Pre-aggregated 6-hour measurement
- **Urine output 8 hour** (LOINC 9189-2): Pre-aggregated 8-hour urine output
- **Urine output 10 hour** (LOINC 9190-0): Pre-aggregated 10-hour urine output
- **Urine output 12 hour** (LOINC 9191-8): Pre-aggregated 12-hour urine output
- **Urine output 24 hour** (LOINC 9192-6): Pre-aggregated 24-hour urine output
- **24 hour urine output** (SNOMED 395060000): SNOMED equivalent for pre-aggregated 24-hour measurement

# Important Notes

- **Point-in-time vs aggregated measurements**: Prefer recording each urine output measurement with accurate timestamp (point-in-time). Time-based aggregations (hourly rate, 24-hour total) can be calculated from timestamped data with greater flexibility and precision
- **Collection method matters**: Always specify collection method when known (indwelling catheter, nephrostomy, spontaneous void). This affects interpretation: catheter output is continuous and accurate, while bedpan/urinal collections may miss small voids",NA
332,Vitals,Ventilatory,Respiratory rate,"# Definition

Respiratory rate represents the number of breaths per unit of time, expressed in **breaths per minute (breaths/min or /min)**. Normal respiratory rate in adults at rest ranges approximately from 12-20 breaths/min.

**Important distinction**: This concept refers to **observed or measured respiratory rate as a vital sign** (patient monitoring). This is distinct from the ""Respiratory rate"" concept in the Ventilation category, which refers to **ventilator settings or ventilator-measured respiratory rate** (mechanical ventilation parameters set on or measured by the ventilator). Use this Vitals concept for clinical assessment of patient breathing; use the Ventilation concept for ventilator management parameters.

# Mapping Strategy

LOINC uses **pre-coordinated concepts** that combine multiple dimensions (measurement method + clinical context/timing) into single codes. For most ICU use cases, we recommend capturing the measurement method (if known) and linking clinical context (rest, exercise, pre/post procedure) separately via OMOP FACT_RELATIONSHIP table.

Prioritize the **most granular concept** that matches your measurement method. For spontaneously breathing patients, distinguish between generic respiratory rate (all breaths) and spontaneous respiratory rate (excludes ventilator-delivered breaths in partially assisted ventilation).

## Recommended concepts

**Default and generic concepts:**

- **Respiratory rate** (SNOMED 86290005): Use when measurement method is unspecified (most common vital sign documentation)
- **Respiratory rate** (LOINC 9279-1): Generic LOINC concept for respiratory rate (all breaths counted)
- **Total breath rate** (SNOMED 250810003): Total number of breaths per minute (includes both spontaneous and ventilator-delivered breaths in assisted ventilation)

**Spontaneous breathing concepts:**

- **Rate of spontaneous respiration** (SNOMED 271625008): Spontaneous breaths only (excludes mechanical ventilator breaths in assisted modes)
- **Breath rate spontaneous** (LOINC 76528-9): LOINC equivalent for spontaneous respiratory rate

**Measurement method-specific concepts:**

- **Respiratory rate by Airway flow measurement** (LOINC 76171-8): Measured via airway flow sensor in non-ventilator contexts (spirometry, pulmonary function testing). For ventilator-measured respiratory rate, use the ""Respiratory rate"" general concept in the Ventilation category instead
- **Respiratory rate by Carbon dioxide measurement** (LOINC 76172-6): Derived from capnography (end-tidal CO2 waveform)
- **Respiratory rate by Pulse oximetry.plethysmograph** (LOINC 76174-2): Derived from pulse oximeter plethysmograph waveform
- **Respiratory rate by Impedance.transthoracic** (LOINC 76270-8): Measured via thoracic impedance (telemetry/monitoring electrodes)
- **Respiratory rate by Acoustic measurement** (LOINC 76170-0): Derived from acoustic sensors (breathing sounds)
- **Respiratory rate by Non-airway pressure measurement** (LOINC 76173-4): Measured via pressure sensors not in the airway (e.g., chest movement sensors)

## Not recommended for routine use

Use these concepts **only when clinical context or procedure timing is the primary clinical focus** (e.g., procedural sedation monitoring, exercise testing, pulmonary rehabilitation, pulmonary function testing).

For most ICU use cases, we recommend capturing respiratory rate using the granular measurement method concepts above and linking clinical context separately using OMOP FACT_RELATIONSHIP table with SNOMED context concepts (e.g., ""At rest"" SNOMED 263678003).

**Context/timing-specific concepts:**

- **Respiratory rate --resting** (LOINC 9303-9): Measured at rest
- **Respiratory rate --W exercise** (LOINC 89274-5): Measured during exercise
- **Respiratory rate --post exercise** (LOINC 40441-8): Measured after exercise
- **Respiratory rate --during anesthesia** (LOINC 89279-4): Measured during anesthesia
- **Respiratory rate --pre conscious sedation** (LOINC 9301-3): Before procedural sedation
- **Respiratory rate --post conscious sedation** (LOINC 9297-3): After procedural sedation
- **Respiratory rate --pre bronchoscopy** (LOINC 9299-9): Before bronchoscopy procedure
- **Respiratory rate --post bronchoscopy** (LOINC 9295-7): After bronchoscopy procedure
- **Respiratory rate --pre cardioversion** (LOINC 9300-5): Before cardioversion procedure
- **Respiratory rate --post cardioversion** (LOINC 9296-5): After cardioversion procedure
- **Respiratory rate --pre inhalation therapy** (LOINC 9302-1): Before nebulizer or inhaler treatment
- **Respiratory rate --post inhalation therapy** (LOINC 9298-1): After nebulizer or inhaler treatment
- **Respiratory rate --at maximum voluntary ventilation** (LOINC 19842-4): Respiratory rate during maximal voluntary ventilation maneuver
- **Respiratory rate by Spirometry --at maximum voluntary ventilation** (LOINC 19841-6): Same as above, explicitly measured by spirometry

# Important Notes

- **Vital sign vs ventilator parameter**: This concept is for observed/measured respiratory rate as a clinical vital sign (patient assessment). For ventilator settings or ventilator-measured respiratory rate, use the ""Respiratory rate"" concept from the Ventilation category
- **Spontaneous vs total respiratory rate**: In patients on partial ventilatory support (e.g., pressure support, SIMV), distinguish between total breath rate (all breaths) and spontaneous breath rate (patient-initiated breaths only)
- Respiratory rate can be measured by various methods: visual observation (chest rise), capnography (CO2 waveform), pulse oximetry plethysmograph, thoracic impedance (telemetry), or ventilator flow sensors",NA
333,Vitals,Ventilatory,Oxygen saturation,"# Definition

Peripheral oxygen saturation (SpO2) represents the percentage of hemoglobin saturated with oxygen, expressed as a **percentage (%)** or **fraction (0-1)**. Normal SpO2 values range approximately from 95-100% in healthy adults breathing room air.

**Important distinction - Vitals vs Labs**: This Vitals concept refers to **oxygen saturation measured as a vital sign** using non-invasive monitoring methods (pulse oximetry, continuous monitoring). For oxygen saturation measured from **laboratory blood gas analysis** (arterial, venous, or capillary blood samples analyzed by laboratory co-oximetry), use the ""Oxygen saturation"" concept in the **Labs category** instead. The key distinction is the measurement context: continuous bedside monitoring (Vitals) vs laboratory blood specimen analysis (Labs).

# Mapping Strategy

LOINC uses **pre-coordinated concepts** that combine multiple dimensions (measurement method + specimen type + clinical context) into single codes. For most ICU use cases, we recommend capturing the measurement method and linking clinical context (rest, exercise, oxygen therapy status) separately via OMOP FACT_RELATIONSHIP table.

Prioritize **non-invasive pulse oximetry concepts** for bedside vital sign monitoring. For laboratory blood gas measurements, use the ""Oxygen saturation"" concept in the Labs category.

## Recommended concepts

**Non-invasive pulse oximetry measurements (bedside vital sign monitoring):**

- **Peripheral oxygen saturation** (SNOMED 431314004): Use for pulse oximetry measurements when clinical context is unspecified (most common ICU monitoring)
- **Oxygen saturation in Arterial blood by Pulse oximetry** (LOINC 59408-5): Non-invasive peripheral sensor measuring arterial pulsatile flow via photoplethysmography
- **Capillary oxygen saturation** (SNOMED 442440005): Alternative term for pulse oximetry measuring oxygen saturation in peripheral capillaries

**Neonatal-specific pulse oximetry concepts:**

- **Oxygen saturation in Blood Preductal by Pulse oximetry** (LOINC 59407-7): Right hand/arm pulse oximetry (pre-ductal circulation in neonates, screening for congenital heart disease)
- **Oxygen saturation in Blood Postductal by Pulse oximetry** (LOINC 59418-4): Lower extremity pulse oximetry (post-ductal circulation in neonates)

## Not recommended for routine use

Use these concepts **only when patient activity, oxygen therapy status, or clinical timing is the primary clinical focus** (e.g., exercise desaturation testing, pulmonary rehabilitation assessments, 6-minute walk tests).

For most ICU use cases, we recommend capturing SpO2 measurements using the generic pulse oximetry concepts above and linking clinical context separately using OMOP FACT_RELATIONSHIP table with SNOMED context concepts (e.g., ""At rest"" SNOMED 263678003, ""Supplemental oxygen therapy"" SNOMED, ""On room air"" SNOMED).

**SNOMED pre-coordinated context concepts:**

- **Peripheral blood oxygen saturation on room air at rest** (SNOMED 866661000000106): SpO2 measured while breathing room air at rest
- **Peripheral blood oxygen saturation on room air on exertion** (SNOMED 866681000000102): SpO2 during exercise without supplemental oxygen
- **Peripheral blood oxygen saturation on supplemental oxygen at rest** (SNOMED 866701000000100): SpO2 at rest with oxygen therapy
- **Peripheral blood oxygen saturation on supplemental oxygen on exertion** (SNOMED 866721000000109): SpO2 during exercise with oxygen therapy

**LOINC pre-coordinated context concepts:**

- **Oxygen saturation in Arterial blood by Pulse oximetry --on room air** (LOINC 59410-1)
- **Oxygen saturation in Arterial blood by Pulse oximetry --resting** (LOINC 59417-6)
- **Oxygen saturation in Arterial blood by Pulse oximetry --W exercise** (LOINC 89276-0)
- **Oxygen saturation in Arterial blood by Pulse oximetry --post exercise** (LOINC 59412-7)
- **Oxygen saturation in Arterial blood by Pulse oximetry --during anesthesia** (LOINC 89277-8)
- **Oxygen saturation in Arterial blood by Pulse oximetry --during treatment** (LOINC 59409-3)
- **Oxygen saturation in Arterial blood by Pulse oximetry --post treatment** (LOINC 59413-5)
- **Oxygen saturation in Arterial blood by Pulse oximetry --pre treatment** (LOINC 59416-8)
- **Oxygen saturation in Arterial blood by Pulse oximetry --pre bronchodilation** (LOINC 59414-3)
- **Oxygen saturation in Arterial blood by Pulse oximetry --post bronchodilation** (LOINC 59411-9)
- **Oxygen saturation in Arterial blood by Pulse oximetry --pre physiotherapy** (LOINC 59415-0)

**SNOMED qualitative change concepts (not recommended):**

- **Peripheral oxygen saturation level on room air on exertion decreased** (SNOMED 1321841000000106): Qualitative assessment of SpO2 change during exercise
- **Peripheral oxygen saturation level on room air on exertion unchanged** (SNOMED 1321871000000100): Qualitative assessment of stable SpO2 during exercise
- **Peripheral oxygen saturation level on supplemental oxygen on exertion decreased** (SNOMED 1321861000000107): Qualitative assessment of SpO2 change during exercise with oxygen therapy
- **Peripheral oxygen saturation level on supplemental oxygen on exertion unchanged** (SNOMED 1321881000000103): Qualitative assessment of stable SpO2 during exercise with oxygen therapy

**Non-standard procedure concepts:**

- **Capillary oxygen saturation measurement** (SNOMED 250553009): Non-standard SNOMED procedure concept; prefer the observable entity concept (SNOMED 431314004) for actual measurements

# Important Notes

- **Vitals vs Labs distinction**: Use this Vitals concept for continuous bedside pulse oximetry monitoring. For oxygen saturation from laboratory blood gas analysis (SaO2, SvO2, ScvO2 measured by co-oximetry on arterial, venous, or capillary blood samples), use the ""Oxygen saturation"" concept in the Labs category
- **Pulse oximetry (SpO2)** measures oxygen saturation non-invasively via peripheral sensor using photoplethysmography; it is the standard for continuous ICU monitoring but may be less accurate in hypoperfusion, severe anemia, hypothermia, motion artifact, or nail polish
- **Arterial blood gas saturation (SaO2)** measured invasively from arterial blood sample analyzed by co-oximetry is the gold standard for accuracy; use the Labs concept for these measurements
- SpO2 and SaO2 are not interchangeable: SpO2 = pulse oximetry estimate (non-invasive bedside monitoring), SaO2 = co-oximetry measurement (invasive laboratory analysis)",NA
335,Drug,Antimicrobials,Sulbactam,NA,NA
336,Labs,Arterial blood gases,Oxygen saturation,NA,NA
337,Ventilation,Airway device,Endotracheal tube diameter,NA,NA
